Date,Temperature (°C),Humidity (%),NO2 (80 µg/m³),SO2 (120 µg/m³),PM2.5 (35 µg/m³)
1/4/2024,27.33,52.67,11.89,13.14,30.74
2/4/2024,26.67,50.33,12.44,13.6,31.68
3/4/2024,24,50.67,12.3,13.56,31.47
4/4/2024,25,46.33,12.89,14.51,32.5
5/4/2024,24,55,11.33,15,33.22
6/4/2024,25,54,12,14.22,34
7/4/2024,23.66,50.33,12.36,13.76,31.5
8/4/2024,29,51,12.7,13.04,29.76
9/4/2024,26,52,13.12,13.51,28.51
10/4/2024,25,55,11,13.77,29.41
11/4/2024,27,58,12.06,14.19,33
12/4/2024,26,54,10.66,13,34.11
13-04-2024,27,55,11.12,12.83,32.31
14-04-2024,27,55,12.05,12.71,30.11
15-04-2024,24,57,10.77,12.56,31.24
16-04-2024,25,56,11,13.11,32
17-04-2024,23.33,55.33,12.43,12.71,31.12
18-04-2024,24,53,12,14.22,31.77
19-04-2024,25,48,10.89,15.51,30.89
20-04-2024,27,49,11,15,31.87
21-04-2024,29.67,40.67,11.25,11.66,29.9
22-04-2024,30,40,11.94,12.62,31.4
23-04-2024,31,40.67,12.45,13.22,32.07
24-04-2024,31.33,34.67,12.74,13.82,33.11
25-04-2024,25,41,12.22,14.23,34
26-04-2024,27,44,12.56,13.18,33.12
27-04-2024,26,47,12.31,12.61,32.12
28-04-2024,31.33,45,12.74,13.82,26.14
29-04-2024,28,45,12.29,12.77,31.11
30-04-2024,26,40,10,12.81,31
1/3/2024,16,79,10.13,11.41,24.25
2/3/2024,16.22,75,10.89,10.86,21.26
3/3/2024,15,78,9.52,10.54,18.39
4/3/2024,12.43,79,12.4,11.44,18.7
5/3/2024,18,61.33,11.25,12.34,23.05
6/3/2024,16,55,13.07,14.78,28
7/3/2024,15.33,60,13.47,15.34,29.04
8/3/2024,16.16,78,12.14,14.45,27.36
9/3/2024,16.72,72.33,13.42,13.95,25.68
10/3/2024,17,64.33,11.14,13.13,24.88
11/3/2024,18.33,60,12.69,14.03,27.76
12/3/2024,20.33,44.33,13.52,14.6,29
13-03-2024,16.33,85.67,11,11.48,25.94
14-03-2024,17.67,64,11.92,12.13,28.26
15-03-2024,17.63,66,11.96,12.48,27.13
16-03-2024,18.96,63,12.63,13.52,26.15
17-03-2024,22,45,11.62,12,26.34
18-03-2024,22.33,43.33,12.04,12.8,29.04
19-03-2024,24.33,38.33,12.75,13.34,30.73
20-03-2024,24.33,37,12.95,14.21,32.04
21-03-2024,22.33,52.67,12.53,14.11,29.37
22-03-2024,24.26,51,14.26,13.62,28.28
23-03-2024,23.63,53,12.26,14.29,29.86
24-03-2024,20.67,54.67,10.74,12.32,26.55
25-03-2024,29.33,53,11.72,13.22,30.49
26-03-2024,29,54.33,12.02,13.78,30.81
27-03-2024,27.67,67,10.44,11.2,26.77
28-03-2024,28.67,56.67,10.57,12.06,29.53
29-03-2024,26.14,53.23,11.29,12.87,28.96
30-03-2024,27.29,54.26,10.68,13.26,29.28
31-03-2024,27.66,64.33,9.88,11.09,26.68
1/2/2024,12.67,82.67,13.04,15.58,69.01
2/2/2024,12.3,82.23,12.25,14.28,58.23
3/2/2024,12.63,78.21,13.01,13.56,43.21
4/2/2024,12.57,81,12.98,12.96,38.14
5/2/2024,12.02,69.33,10.67,11.24,28
6/2/2024,12.09,68,11.64,12.14,28.7
7/2/2024,12.19,70.13,11.69,13.96,32.14
8/2/2024,13.8,63,12.12,13.38,30.11
9/2/2024,14.22,69.28,11.98,12.85,29.1
10/2/2024,14.54,58.69,13.28,13.54,36.12
11/2/2024,16,52,12.69,14.59,30.81
12/2/2024,17.47,50.67,12.84,15.33,32.41
13-02-2024,17.63,46,12.23,15.5,34.33
14-02-2024,18.3,45,12.23,15.83,34.87
15-02-2024,19.07,43.67,13.44,16.25,37.22
16-02-2024,18.42,57.54,12.28,17.25,34.15
17-02-2024,18.24,68.21,13.85,16.87,35.85
18-02-2024,17.61,71.74,9.86,12.86,29.12
19-02-2024,16.53,77,8.87,10.34,22.07
20-02-2024,16.77,73.33,9.77,11.03,23.08
21-02-2024,16.33,67.33,10.9,12.01,24.44
22-02-2024,16.27,64.67,11.6,12.73,26.07
23-02-2024,15.16,69.87,11.39,13.12,31.12
24-02-2024,15.63,71.25,9.68,14.58,34.25
25-02-2024,15.24,72.25,10.96,13.58,35.13
26-02-2024,14,69.67,11.43,12.14,26.25
27-02-2024,15.33,64.67,12.2,13.09,27.09
28-02-2024,16.67,58.67,12.23,14,28.07
29-02-2024,15.43,62.85,11.86,13.95,34.84
1/1/2024,13.67,64.67,12.14,14.18,63.22
2/1/2024,12.67,82.67,13.04,15.58,69.01
3/1/2024,13.02,80.67,13.47,16.25,69.34
4/1/2024,12.8,81,12.22,15.12,70
5/1/2024,13.25,79.2,13,14.89,69.12
6/1/2024,13.81,80.22,12.14,13.52,68.41
7/1/2024,12.98,78.12,11.72,14.88,69.22
8/1/2024,13.22,78,12.35,15.21,70.12
9/1/2024,13.51,77.5,11.13,13.72,68.25
10/1/2024,12.88,78.52,13.51,12.88,70.12
11/1/2024,13.47,82,14.3,16.75,71.09
12/1/2024,13.62,80,13,15.52,68.13
13-01-2024,12.79,81,14.52,14.92,65.89
14-01-2024,12.19,82,13.73,16.11,68.04
15-01-2024,11.1,81,14.18,16.26,67.44
16-01-2024,11.5,80,13.48,15.49,68.74
17-01-2024,11.43,77.33,13.07,14.85,73.75
18-01-2024,11.63,79,14.4,15.52,68.48
19-01-2024,11.91,78.33,14.12,16,66.31
20-01-2024,12.05,80,14.19,15.81,67.52
21-01-2024,11,81,12.22,16.22,69.66
22-01-2024,10.83,83,14.18,16,70.77
23-01-2024,10.22,80,13.52,14.78,70.82
24-01-2024,10.85,78.55,12.85,12.81,71.52
25-01-2024,11.12,79.45,13.99,13,68
26-01-2024,11,81,14.22,12.65,67.82
27-01-2024,10.92,80,11.79,13.12,66.72
28-01-2024,11.55,79,10.31,12.55,71.81
29-01-2024,13.5,73.67,11.39,12.85,45.02
30-01-2024,11.6,80.33,10.2,10.63,30.97
31-01-2024,12.2,79.24,12.95,14.6,66.84
1/12/2023,15.33,48,7.4,15.7,47.6
2/12/2023,15,56,6.8,16.6,42.9
3/12/2023,14.66,54.33,7.3,15.6,41.76
4/12/2023,14.33,58,7.73,20.2,46.4
5/12/2023,14,52.33,7.7,22.96,55.02
6/12/2023,13.66,36.7,7.41,21,55.8
7/12/2023,13.66,42.66,6.2,17.2,45.5
8/12/2023,13.33,45,5.8,16.77,58.6
9/12/2023,13,42,5.71,15.61,61.7
10/12/2023,13,47.7,6,15.9,62.3
11/12/2023,13,53.33,5.73,14.96,61.4
12/12/2023,12.66,59,4.53,14.97,44.23
13-12-2023,12.66,63,4.5,14,56
14-12-2023,12,44.7,4.23,21.53,56.9
15-12-2023,12.33,48.6,5.9,18.66,74.9
16-12-2023,12.33,49.2,6.33,17.8,70.6
17-12-2023,12.66,53,7.4,17.27,66.8
18-12-2023,12.52,56,10.42,13.11,51.67
19-12-2023,13.17,51.33,10.37,13.5,54.11
20-12-2023,13.5,49.67,10.82,13.74,57.03
21-12-2023,13.67,51.33,11.6,14.73,60.66
22-12-2023,14,52.5,9.1,15.8,79.7
23-12-2023,14.33,47,7.1,15.4,59.8
24-12-2023,14.66,44,7.2,16.9,72.5
25-12-2023,15,51,10.07,15.59,57.03
26-12-2023,15.24,54.67,12.09,14.91,64.45
27-12-2023,14.43,54.67,12.37,15.17,66.61
28-12-2023,14.17,59,13,15.57,66.74
29-12-2023,14.33,56,9.4,16.33,64.91
30-12-2023,14.67,60,9.11,16.57,65.8
31-12-2023,14.67,62.33,10.91,12.85,60.47
1/11/2023,22,41,10.33,13.9,47.6
2/11/2023,21,64.33,9.09,12.73,44.26
3/11/2023,21.7,48,9.11,13.8,46.99
4/11/2023,20.7,47,8.4,14.9,47.8
5/11/2023,20.33,41.33,8.31,14.52,30.53
6/11/2023,20,40,8.72,15.9,51.3
7/11/2023,19.7,53,8.39,14.03,45.7
8/11/2023,19,65,7.61,16.5,50.2
9/11/2023,18,76,7.53,13.5,24.56
10/11/2023,17,79,6.1,13.44,20
11/11/2023,17,68,6.4,14.6,32.1
12/11/2023,17.33,50.66,7.47,15.96,34.2
13-11-2023,17.7,64,7.3,16.34,49.5
14-11-2023,17,43.7,6.32,42.96,52.36
15-11-2023,16.7,41.7,6.63,17.74,54.3
16-11-2023,16.77,51.66,6.4,17.36,52.6
17-11-2023,16,65,5.8,17.22,42
18-11-2023,16.33,50,6.2,18.6,51.9
19-11-2023,16.33,47.66,6.5,19.2,59.96
20-11-2023,16,45.33,5.63,18.5,67.1
21-11-2023,15.66,40,5.73,19.76,66.76
22-11-2023,15.33,44.7,5.62,19.63,69
23-11-2023,15.33,49.33,5.7,19.5,65.56
24-11-2023,16,53.8,6.9,21.9,67.8
25-11-2023,16,55,7.4,22.8,68.55
26-11-2023,15.67,58.67,6.87,12.77,43.69
27-11-2023,16.67,70.67,14.33,16.4,47.07
28-11-2023,16,69,13.14,15.69,46.86
29-11-2023,16,68.67,14.98,16.67,48.18
30-11-2023,15,68.67,10.28,10.63,14.4
1/10/2023,29.33,65.33,8.77,11.06,19.97
2/10/2023,29.37,64.33,10.99,13.58,23.14
3/10/2023,29.04,65.67,11.05,13.51,22.79
4/10/2023,29,57.33,10.71,14.18,24.32
5/10/2023,30.67,59.67,10.93,14.76,24.96
6/10/2023,29.53,58,9.89,12.95,24.51
7/10/2023,29.85,59,10.11,15.02,23.88
8/10/2023,32.33,58.33,8.65,11.59,21.94
9/10/2023,29.7,60.67,9.11,10.58,20.98
10/10/2023,30.32,59.33,10.37,12.07,21.63
11/10/2023,29.18,60.33,11.23,12.36,22.22
12/10/2023,29.67,54.33,11.3,12.48,23.85
13-10-2023,29.33,57,10.71,13.12,22.84
14-10-2023,28.91,55.96,12.04,11.81,23.96
15-10-2023,28,58.33,10.01,10.52,20.3
16-10-2023,25,71.33,6.87,8.06,17.74
17-10-2023,18,85,9.35,10.72,14.74
18-10-2023,21.33,70.67,12.69,13.33,18.26
19-10-2023,26,65,12.7,13.43,22.12
20-10-2023,27.13,66.12,12.33,14.02,23.41
21-10-2023,26.83,58.14,13.08,12.51,22.49
22-10-2023,25.33,68.33,10.37,11.4,19.93
23-10-2023,26.67,61.67,12.4,12.61,23.06
24-10-2023,26,59.67,13.09,12.87,23.62
25-10-2023,26.33,59.33,12.73,12.8,24.41
26-10-2023,23,40.7,11.9,12.46,24.03
27-10-2023,25.14,60.12,10.45,12.89,24.21
28-10-2023,24.21,62.88,11.81,13.09,21.33
29-10-2023,22.7,52,10.43,13.1,34.66
30-10-2023,21.33,64,10.33,12.81,23.45
31-10-2023,21,64.33,9.09,12.73,44.26
1/8/2023,32,59,9.74,10.47,16.81
2/8/2023,31,64,10.19,10.57,17.6
3/8/2023,32,53,11.74,11.34,18.06
4/8/2023,31,51,9.31,12.25,17.8
5/8/2023,31,53,10.21,12.41,18
6/8/2023,33,63,8.04,7.88,12.73
7/8/2023,31,59,10.44,10.91,16.32
8/8/2023,32,61,11.03,11.71,17
9/8/2023,33,59,11.53,12.31,17.54
10/8/2023,31.17,63,10.53,10.8,15.79
11/8/2023,32,58,8.33,12.51,16.21
12/8/2023,33.21,57,9.58,13.11,18.11
13-08-2023,31.85,60,10.21,11.87,16.39
14-08-2023,30,80,8.5,9.28,14.72
15-08-2023,30,63,11.03,11.02,18.09
16-08-2023,31,65,11.18,11.32,18.2
17-08-2023,32.5,55,9.21,14.21,19.54
18-08-2023,31,57,9.85,12.55,18.71
19-08-2023,33,59,11.33,13,18.32
20-08-2023,32.67,61,6.52,6.82,12.54
21-08-2023,33,62,10.31,9.51,17.32
22-08-2023,34,55,10.56,9.99,18.08
23-08-2023,33,56,8.22,11.65,18.55
24-08-2023,31,64,10.98,10.41,19.17
25-08-2023,32.67,59,7.41,13.32,18.31
26-08-2023,33,56,8.66,10.41,17.91
27-08-2023,32,59,8.38,8.21,15.91
28-08-2023,33.33,58,10.21,11.17,17.55
29-08-2023,32.63,57,10.93,12.33,16.5
30-08-2023,33.15,54,11.14,12.86,18
31-08-2023,32.33,53,11.91,13.58,18.77
1/7/2023,41,15,8.9,19.6,32.9
2/7/2023,40,20,5.7,13.8,31
3/7/2023,40,30,6.88,15.6,10
4/7/2023,38,45,7.2,16.44,20
5/7/2023,38,38,9.6,17.5,15.2
6/7/2023,37,35,7.6,19.2,20.6
7/7/2023,38,40,8.2,18.3,21
8/7/2023,39,18,7.6,17.2,18.6
9/7/2023,38,53,4,8.6,7.8
10/7/2023,37,56,4.3,10.2,9.5
11/7/2023,38,32,4.9,12.8,13.2
12/7/2023,37,51,3.8,11.77,9.88
13-07-2023,35,69,4.5,13.6,14.3
14-07-2023,31,64,3.8,9.6,8.78
15-07-2023,32,30,5.2,13,13.4
16-07-2023,32,62,3.92,11.8,11.3
17-07-2023,33,30,11.3,22.3,33.5
18-07-2023,32,48,13.2,27.9,40.6
19-07-2023,30,80,10.6,20.8,26.9
20-07-2023,29,86,7.6,18.7,20.4
21-07-2023,29,73,8.88,20.6,23.5
22-07-2023,29,61,8.6,18.3,18.6
23-07-2023,28,48,8.44,17.2,17.8
24-07-2023,28,55,6.8,14.6,18.6
25-07-2023,27,53,6.1,10.6,12.6
26-07-2023,27,58,7,10.8,11.3
27-07-2023,27,62,4.6,11.8,9.7
28-07-2023,26,94,5.3,10.2,8.6
29-07-2023,26,83,6.11,9.2,12.3
30-07-2023,26,68,7.2,11.4,12.6
31-07-2023,26,64,7.2,11.4,13.4
31-07-2023,32,82.33,7.52,7.48,18.33
1/6/2023,21.83,67.33,1.7,6.07,10.35
2/6/2023,34.25,75.32,2.6,9.32,12.65
3/6/2023,35.6,89.69,4.5,8.24,15.96
4/6/2023,32.13,65.23,2.3,7.33,11.5
5/6/2023,35.13,70.65,3.5,8.83,13.1
6/6/2023,36,90.15,4.1,9.47,14.37
7/6/2023,38.25,85.94,4.8,7.65,10.35
8/6/2023,36.3,78.12,5.7,9.77,14.52
9/6/2023,36.9,75.16,4.7,8.67,12.57
10/6/2023,35.21,85.35,5.9,9.64,19.35
11/6/2023,34.25,79.45,6.2,11.54,14.62
12/6/2023,36.9,74.54,5.6,10,14.03
13-06-2023,36.9,98.25,6.1,9.8,15.03
14-06-2023,36.8,35.67,4.8,7.93,13.5
15-06-2023,33.6,41.33,3.5,6.57,11.33
16-06-2023,32.65,45.36,2.65,8.14,10.25
17-06-2023,34.87,78.25,7.2,7.98,12.35
18-06-2023,35.2,89,3,5.57,11.1
19-06-2023,35.4,42,7,6.93,15.17
20-06-2023,35.7,45.67,7.7,8.2,17.37
21-06-2023,39,47,7.87,8.5,18.35
22-06-2023,39.26,50.17,8.53,8.23,19.29
23-06-2023,38.45,60.12,7.25,9.65,18.63
24-06-2023,35.48,75.45,5.21,6.66,17.54
25-06-2023,30.5,59,6.21,6.58,14.88
26-06-2023,31.4,57.67,7.29,8.01,17.14
27-06-2023,32.53,58.67,7.57,8.48,14.8
28-06-2023,36.98,65.32,8.96,7.54,15.62
29-06-2023,28.32,84.32,4.25,7.36,19.32
30-06-2023,30.12,76.58,6.21,8.12,12.31
1/5/2023,22.8,55,3.2,14,10.9
2/5/2023,23,53,3.9,15,11.8
3/5/2023,23.8,54,3.5,14.9,15
4/5/2023,22.8,58,4.1,14.2,17.8
5/5/2023,23.6,54,3.9,15.2,18
6/5/2023,23.9,51,4.2,16.26,17.9
7/5/2023,23.8,52,3.9,17,19.2
8/5/2023,24.2,48,4.8,17,16.8
9/5/2023,24.5,45,4.1,15.1,14.5
10/5/2023,24.8,40,3.9,17,14.8
11/5/2023,25,39,4.01,16.46,17
12/5/2023,24.8,41,4.33,19.4,25.5
13-05-2023,25,43,4.9,16.11,22.2
14-05-2023,25.8,41,4.8,17.2,17.1
15-05-2023,25.7,37,3.9,21.3,19.2
16-05-2023,25.9,39,3.8,18.53,18.8
17-05-2023,25,51,3.6,17.2,12.8
18-05-2023,25.8,72,3.58,13.73,11.96
19-05-2023,24.2,60,3.72,15.46,15.96
20-05-2023,24,62,3.5,16.9,16.33
21-05-2023,26.8,45,3,10.8,12.5
22-05-2023,26,41,3.7,10.9,13.8
23-05-2023,26.3,42,3.5,10.3,12.9
24-05-2023,27.3,39,4.1,11.3,14.2
25-05-2023,27.5,38,4.8,12.6,14.8
26-05-2023,28,39,3.74,18.73,18.4
27-05-2023,27.9,49.33,3.59,17.03,16
28-05-2023,28.4,39,5.3,15.7,19
29-05-2023,27,40.5,3,9.17,12
30-05-2023,30,45,2.8,8.3,13.9
31-05-2023,27.3,45,2.7,8.5,11.32
1/4/2023,16,78,3.41,14.5,9
2/4/2023,16.7,64.7,3.62,15.43,11.63
3/4/2023,17,68,3.7,15.8,14.5
4/4/2023,17.33,58.33,3.53,16.43,19.3
5/4/2023,17,51,3.64,16.8,20.7
6/4/2023,17.33,47,3.56,16.26,16.56
7/4/2023,18,41,3.7,17,20.7
8/4/2023,18,43,3.68,16.92,18.6
9/4/2023,19,45,3.6,15.1,12.8
10/4/2023,19,40,3.49,15,14.46
11/4/2023,20.33,39,4.01,16.46,18.1
12/4/2023,20.66,41,4.33,19.4,26.9
13-04-2023,21,43,4.1,16.11,14.4
14-04-2023,22,38,4.4,17.2,17.1
15-04-2023,23,37,3.9,21.3,22.7
16-04-2023,23,39,3.8,18.53,18.8
17-04-2023,22,51,3.6,17.2,12.8
18-04-2023,21.66,72,3.58,13.73,11.96
19-04-2023,19,66.33,3.72,15.46,15.96
20-04-2023,20,60,3.5,16.9,16.33
21-04-2023,20.33,65,3.7,17.33,18.9
22-04-2023,20.66,61,3.62,16.7,16.8
23-04-2023,21.33,46,3.7,18.6,19.4
24-04-2023,22,43,3.8,19.2,22.8
25-04-2023,22.33,41,4.2,20.8,25.6
26-04-2023,23,39,3.74,18.73,19.46
27-04-2023,22.33,49.33,3.59,17.03,16
28-04-2023,22,64,3.11,15.22,12.65
29-04-2023,22.33,51,3.6,20.6,27
30-04-2023,22.66,73,4.21,23,31
1/3/2023,16,63,4.7,20.7,23
2/3/2023,15,59.77,5.36,20.4,22
3/3/2023,16,47,5.41,22.9,29
4/3/2023,16.33,42,4.8,21.8,24
5/3/2023,16.66,41,4.3,19,18
6/3/2023,17,37,5.03,18.56,18.6
7/3/2023,17.33,32.33,5,18.23,18.83
8/3/2023,18.33,32.33,4.78,17.7,17.71
9/3/2023,18.33,38,5.1,23.9,33.4
10/3/2023,18,36,5.04,24.5,31.5
11/3/2023,18.33,39,5.3,24.7,33.6
12/3/2023,19,41,4.86,22.26,41.2
13-03-2023,19.33,39.4,4.81,20.9,24.1
14-03-2023,19.66,38.33,4.9,21.23,20.6
15-03-2023,19,43,4.6,23.9,27
16-03-2023,18.33,67,4.3,18.6,11
17-03-2023,18.66,63,4.5,21.8,28.4
18-03-2023,18,70,4.21,20.9,20.5
19-03-2023,18.66,54,5.3,21.3,27.9
20-03-2023,18.66,58.66,5.11,21.3,26
21-03-2023,19,70,4.17,18.6,23.8
22-03-2023,19.33,65,4.3,19.3,27.3
23-03-2023,20,68.33,4.21,18.23,13.76
24-03-2023,19,73,4.33,19.8,23.4
25-03-2023,18,83,3.75,13.7,12.7
26-03-2023,17,79.33,3.68,13.5,9.86
27-03-2023,18,63,3.81,16.9,19.7
28-03-2023,18.33,64,3.82,17.11,22
29-03-2023,17.33,53.33,4.15,16.56,27.33
30-03-2023,16,81,3.8,15.33,18.9
31-03-2023,16.33,333,83,3.42,13.5
1/2/2023,12,42,9.88,23.7,43.7
2/2/2023,13.33,44.33,10.9,24.83,48.33
3/2/2023,13,46,12.6,29.4,70.3
4/2/2023,14,60,9.74,23.6,41.8
5/2/2023,14,60,10.2,24.11,43.9
6/2/2023,12.7,56.7,8.62,22.53,16.56
7/2/2023,13.33,47.7,7.77,18.2,19.4
8/2/2023,12,52,7.58,17.1,27
9/2/2023,10.33,59.33,7.04,15.83,17.4
10/2/2023,10.66,67,7.3,23.1,32
11/2/2023,10.66,70,7.2,22.8,22.1
12/2/2023,11,32,7.16,22.6,19.33
13-02-2023,11.66,34,6.9,20.5,21.5
14-02-2023,13,34.33,7.16,27.4,43.7
15-02-2023,13,42,7.33,21.2,28.9
16-02-2023,13.33,43,8.1,28.1,70
17-02-2023,13.66,39,8.6,28.3,73.8
18-02-2023,14.33,40,7.6,27.75,66.8
19-02-2023,14.33,63,6.73,27.3,60
20-02-2023,15,54,6.88,25.9,71
21-02-2023,15.7,43.33,6.7,19.2,20.66
22-02-2023,15.33,46,6.2,20.1,18
23-02-2023,15,47,6.5,21.46,22.7
24-02-2023,15.66,51,5.8,23.8,41.33
25-02-2023,15.66,56,5.6,21.9,26
26-02-2023,16,49.33,5.43,19.96,18.33
27-02-2023,15,51,5.22,19.51,23
28-02-2023,14.66,55.7,5.14,19.2,21
1/1/2023,11.66,44,14.9,48.7,63.1
2/1/2023,11.66,40,15.22,49.5,65
3/1/2023,12,37.6,16.8,52.6,112
4/1/2023,12.66,35.2,15.3,53.6,74
5/1/2023,13,33.66,15.9,58.23,71.64
6/1/2023,14,36,16.4,56.4,85
7/1/2023,14.33,38,17.33,54.3,102.3
8/1/2023,14.66,43.6,16.8,52.1,97.5
9/1/2023,15.33,49.33,13.63,34.1,62.7
10/1/2023,13,66,12.8,41.3,70.4
11/1/2023,10.66,78,11.9,33.4,42
12/1/2023,10.33,72,12.4,33.5,43
13-01-2023,10,64,13.8,34.6,59.6
14-01-2023,9.33,60,13.64,33.7,57.2
15-01-2023,8,46,12.7,31.4,46.7
16-01-2023,8.33,41,14.73,33.2,50.53
17-01-2023,8.7,41,13.04,31.7,45.5
18-01-2023,8.7,40,14.3,35.6,72
19-01-2023,9,44.7,11.56,31.4,44
20-01-2023,9,50,11.2,30.1,40
21-01-2023,9,66,10.6,28.6,28.1
22-01-2023,8.7,60,10.91,31.6,51.4
23-01-2023,8.7,58,12.3,35.3,75
24-01-2023,8.33,55,14.6,37.68,90
25-01-2023,8.33,53.5,13.2,35.4,82
26-01-2023,8.6,50,13.6,33.7,72
27-01-2023,9,49,14.7,34.5,84
28-01-2023,9.6,67,13.8,30.9,62
29-01-2023,10,61,11.2,26.8,35
30-01-2023,10.33,57.7,8.9,20.13,23
31-01-2023,10.7,56,10.34,24.67,42.7
1/12/2022,15,42,5.2,23.6,35.6
2/12/2022,15.6,57,5.4,28.7,51
3/12/2022,15.33,56,5.5,30.6,68.9
4/12/2022,15.33,58,5.4,31.8,75.3
5/12/2022,15,53.7,7.23,30.36,92.03
6/12/2022,14.33,47,7.56,30.63,65.16
7/12/2022,14.7,46,8.99,32.3,66.8
8/12/2022,15,48,10.3,34.6,70.6
9/12/2022,14.3,50,9.53,31.4,57.8
10/12/2022,14,52,9.33,30.1,46.2
11/12/2022,13.7,51,11.7,32.9,52.46
12/12/2022,13.6,52.7,12.9,33.3,53.86
13-12-2022,13,50.7,11.33,29.46,45.3
14-12-2022,13.7,48,10.9,28.66,43.7
15-12-2022,13.7,42,11.3,28.9,45.9
16-12-2022,13.3,39,11.6,31.22,49.5
17-12-2022,13,37,12.7,31.7,57.6
18-12-2022,12.7,40,13.55,33.8,72
19-12-2022,12.7,42.66,15.93,31.83,70.33
20-12-2022,13,43,14.6,33.8,84.3
21-12-2022,13,45,15.7,35.6,89.5
22-12-2022,12.7,54,14.3,33.5,80
23-12-2022,12.7,47,14.56,33.84,81
24-12-2022,12.33,42,13.7,32.6,74
25-12-2022,12.33,40,15.2,39.7,96.3
26-12-2022,12,45,14.81,38.6,90
27-12-2022,12,48,13.6,33.21,73.6
28-12-2022,12,50,13.8,31.7,72.4
29-12-2022,11.7,54,14.3,32.6,80
30-12-2022,11.7,73,12.4,31.6,47.8
31-12-2022,11.33,70,11.3,29.4,40.2
1/11/2022,23,57,15.7,20.3,16.7
2/11/2022,23,59,16.8,22.8,18.6
3/11/2022,23,38,18.9,25.9,23.6
4/11/2022,23.7,60,20.3,26.8,33
5/11/2022,24,56,14.5,17.6,20.3
6/11/2022,24,41,16.3,20.11,22
7/11/2022,24,37,16.5,20.4,21
8/11/2022,24,32,15.6,19.1,19.2
9/11/2022,24,29,13.33,17.4,18
10/11/2022,24.5,30,13.6,17,18.4
11/11/2022,25,31,13.8,17.7,17.88
12/11/2022,25,28,14.1,16.7,18.2
13-11-2022,25,25,12.5,13.6,16.4
14-11-2022,24.5,27,12.7,18.3,18.7
15-11-2022,25,44,12.66,16.7,15.6
16-11-2022,25.5,32,13.2,15.1,16.8
17-11-2022,26,33,13.5,16.7,18.3
18-11-2022,26,64,13.24,16.8,16.5
19-11-2022,26,40,9.11,17.3,18.8
20-11-2022,26,32,17.3,20.8,31.2
21-11-2022,26.5,35,9.6,13.9,13.4
22-11-2022,27,43,8.6,14.7,14.3
23-11-2022,27,35,8.91,14.6,12.6
24-11-2022,27,27,9.2,13.6,12.2
25-11-2022,27,26,9.4,16.9,11.7
26-11-2022,27.33,82,18.89,22.33,18.3
27-11-2022,28,18,18.6,23.4,20.8
28-11-2022,28,37,18.88,24.7,26.3
29-11-2022,28,49,20.6,26.4,30.2
30-11-2022,28,41,17.3,21.3,22.6
1/10/2022,27.6,65,2.8,12.2,12.8
2/10/2022,27,74.66,2.73,11.63,12.66
3/10/2022,27,72,2.73,13.47,23
4/10/2022,27.6,56.6,2.73,13.13,18
5/10/2022,28,51.33,2.91,13.76,25.7
6/10/2022,26.33,64,2.8,13.83,14.26
7/10/2022,27,58,2.94,14.7,17
8/10/2022,26,60,3.3,15.6,21.2
9/10/2022,25,62,4.05,18,29.53
10/10/2022,24.33,65,4.23,21.12,32.33
11/10/2022,24,70.33,4.31,21.65,31.7
12/10/2022,24,61.33,3.83,17.33,19
13-10-2022,23.5,57,3.91,18.7,27
14-10-2022,23,56,3.92,19.2,29
15-10-2022,23,54,3.45,19.4,27.2
16-10-2022,23,54.33,3.55,17.03,23.2
17-10-2022,23,51.66,3.69,17.42,28.26
18-10-2022,22.5,50.8,3.5,18.4,29.4
19-10-2022,22.3,48,3.71,18.53,24.33
20-10-2022,21.7,59.66,3.54,15.9,17
21-10-2022,21.33,56,3.65,16.8,21
22-10-2022,21,47,3.68,17.5,22.6
23-10-2022,20.7,43,3.57,17.3,21.8
24-10-2022,20.66,40.33,3.72,16.56,24.66
25-10-2022,21.7,42.33,3.47,16.83,26.7
26-10-2022,21,48,3.72,17.8,28
27-10-2022,22,42.7,3.83,18.1,28
28-10-2022,21,38,3.9,19.2,32
29-10-2022,21.7,42,4.17,21.8,34
30-10-2022,22,46.33,4.32,23.16,42
31-10-2022,21.7,46.33,4.93,24.5,51
1/9/2022,30.83,62.67,5.9,9.23,20.67
2/9/2022,30.5,65,4.1,10.6,19.6
3/9/2022,30,67,3.67,11.2,18.6
4/9/2022,29.63,62,4.7,8.4,18.9
5/9/2022,26.13,70,3.6,7.17,15.73
6/9/2022,28.07,68.33,5.3,8,18.17
7/9/2022,29.37,66.67,6.6,8.23,21.1
8/9/2022,29.7,66.7,3.62,15.96,22.73
9/9/2022,29,73,3.73,16.4,21
10/9/2022,28,74,3.5,14.2,18.3
11/9/2022,27.33,76.33,3.38,11.47,11.93
12/9/2022,27.7,74,3.42,12.36,18.2
13-09-2022,28,66.7,3.36,13.43,22.06
14-09-2022,28.7,66.33,3.62,13.16,21.98
15-09-2022,28.7,67.7,2.83,13.03,21.3
16-09-2022,28,84,3.02,11.7,18.7
17-09-2022,27,76,2.75,11.4,15.8
18-09-2022,27.7,57.33,3.23,12.03,18.93
19-09-2022,28,58,3.36,12.3,26.2
20-09-2022,28.3,57,3.31,13.2,23.24
21-09-2022,28.7,60,3.45,12.67,21.6
22-09-2022,29,59,3.93,16.42,34.06
23-09-2022,30,63,4.51,19.6,43.2
24-09-2022,28.5,75,4,16.4,18.7
25-09-2022,26.7,74.7,3.51,14.23,17.6
26-09-2022,26.7,70,3.55,13.34,21.49
27-09-2022,27.66,62.66,3.96,15.2,30
28-09-2022,28.33,57,4,16.3,28
29-09-2022,28,51.7,3.62,16.65,28
30-09-2022,29,47,3.7,17.4,32
1/8/2022,28.33,80,3.24,8.85,4.66
2/8/2022,29,73,3.15,8.8,14.33
3/8/2022,30,64.33,3.56,10.3,21
4/8/2022,31,69.33,3.47,11,21
5/8/2022,30,82,3.8,12.6,27
6/8/2022,30.3,73,3.6,12.51,25.1
7/8/2022,31,63,3.5,11.8,21
8/8/2022,30.5,58,4.2,13.4,28
9/8/2022,31.33,61,3.96,12.02,24.03
10/8/2022,32.33,62.66,3.92,12.78,23.6
11/8/2022,28.33,79.33,3.96,11.81,16
12/8/2022,28,65,3.61,12.3,19.6
13-08-2022,25.5,68,3.24,12.8,24.7
14-08-2022,28,80,3.8,12.27,22.6
15-08-2022,27.33,79.66,3.7,12.17,14.23
16-08-2022,27.66,82,3.42,12.06,17.6
17-08-2022,27,82.33,3.5,11.6,17.5
18-08-2022,29.3,79.5,3.7,11.77,20.17
19-08-2022,30,80.3,3.1,11.4,21.2
20-08-2022,30.5,76.2,3.02,11.54,22.7
21-08-2022,28,82.17,3.2,10.13,18.17
22-08-2022,22,74.67,4,10.77,20.67
23-08-2022,28.13,75.67,3.9,10.73,21.07
24-08-2022,27.1,77,3.6,9.83,18.7
25-08-2022,26.1,78,3.37,8.67,16.27
26-08-2022,27,74,3.27,10.6,18.9
27-08-2022,29,72,3.21,10.81,21.6
28-08-2022,28.07,70.73,3.3,7.83,16.1
29-08-2022,28.53,71.07,4.6,9.13,19.33
30-08-2022,30,66.67,5.2,9.5,20.27
31-08-2022,30.42,63.33,5.9,10.1,22
1/7/2022,31,68,3.72,12.4,11.5
2/7/2022,31.5,66,3.6,13.6,15.6
3/7/2022,31.7,61.7,4.02,16.03,28.2
4/7/2022,30.33,72,3.81,12.23,16
5/7/2022,30.7,82.7,3.94,13.15,30.8
6/7/2022,30,72,3.96,13.4,24
7/7/2022,30.33,56,3.78,11.6,21
8/7/2022,31,58,4.07,13.4,24
9/7/2022,31.5,61,3.87,13.12,22
10/7/2022,31,73,4.13,12.5,24
11/7/2022,30.5,76,4.05,13.1,27
12/7/2022,30.33,77.66,3.89,12.4,19.33
13-07-2022,28.33,84.33,3.43,11.42,12
14-07-2022,29.33,73.7,3.47,11.63,13.7
15-07-2022,28.5,78,3.2,11.2,12.6
16-07-2022,30,69,3.24,10.4,10
17-07-2022,30.33,62.7,3.41,12.32,20.56
18-07-2022,32,61,3.24,12.95,21
19-07-2022,33,64,3.3,12.56,16
20-07-2022,28.7,87,3.23,12.43,14.33
21-07-2022,28.33,88.33,3.24,11.7,9.66
22-07-2022,28,77,3.3,10.45,10
23-07-2022,28.5,64,3.51,10.6,13.9
24-07-2022,27.66,50.33,3.91,13.07,15.76
25-07-2022,30,83,3.63,12.3,23
26-07-2022,29,81,3.54,11.12,15.33
27-07-2022,27.33,83,3.62,10.71,15.66
28-07-2022,27,85.7,3.64,12.52,21.33
29-07-2022,26,98,3.05,11.2,12
30-07-2022,26.5,92,3.45,11.47,20
31-07-2022,26,89,2.87,9.88,8.66
1/6/2022,32,36.66,4.61,16.44,22.66
2/6/2022,33.7,32.33,4.2,15.57,12.46
3/6/2022,34,26.33,4.23,14.1,13.86
4/6/2022,35,21.6,4.35,14.62,19.86
5/6/2022,35.7,18.33,4.41,14.68,23.43
6/6/2022,37,17,4.72,15.6,26.3
7/6/2022,37.33,20.66,5.07,16.09,35.76
8/6/2022,38,19.4,4.86,17.3,47
9/6/2022,37.63,19.83,5.57,16.2,34.98
10/6/2022,38,20,4.41,15.11,21
11/6/2022,37,25,4.43,15.3,22.7
12/6/2022,33.66,31,4.63,13.3,29.46
13-06-2022,34.17,23,5.4,12.97,26.17
14-06-2022,34.66,22,4.72,14.07,35
15-06-2022,36.33,25.66,4.77,15.56,49.33
16-06-2022,31.33,57.33,4.33,13.31,16.33
17-06-2022,34.7,34.33,6.06,18.71,28.06
18-06-2022,34.33,35.33,5.97,20.16,25
19-06-2022,30,79,3.99,11.33,11.33
20-06-2022,26,77.7,3.83,11.76,12.16
21-06-2022,24,76,3.9,12.53,10.93
22-06-2022,26,62,3.96,12.95,15
23-06-2022,27.66,50.33,3.91,13.07,15.76
24-06-2022,27.66,50.33,3.91,13.07,15.76
25-06-2022,34,52,4.18,13.2,20.6
26-06-2022,35.33,41,4.37,13.4,26.14
27-06-2022,36.33,34.66,4.46,13.92,29.53
28-06-2022,36.7,40.7,4.65,18.37,34.1
29-06-2022,36,43,4.43,17.81,39.4
30-06-2022,33.7,58.7,4.2,16.43,34.66
1/5/2022,30.3,30,8.41,20.88,20.6
2/5/2022,30.66,43,7.6,18.4,21.3
3/5/2022,30,40,6.35,16.8,17
4/5/2022,29.3,38,6.2,17.2,18.4
5/5/2022,27.1,36.9,4,15.83,12.13
6/5/2022,28.4,37.87,5.3,17.07,16.13
7/5/2022,28,28,12.83,23.27,28.55
8/5/2022,33,32.7,5.87,17.45,16.27
9/5/2022,32,41,5.29,15.5,19.66
10/5/2022,34.33,31.33,5.24,14.13,15.7
11/5/2022,35.33,29,5.86,15.54,33.73
12/5/2022,36,29,6.12,15.81,25.33
13-05-2022,36.7,25.33,5.69,16.04,24.2
14-05-2022,37,22,5.53,16.33,27
15-05-2022,37,30.7,5.74,17.79,17.2
16-05-2022,35.66,30.33,6.11,19.14,29.46
17-05-2022,34.7,34.33,6.06,18.71,28.06
18-05-2022,34.33,35.33,5.97,20.16,25
19-05-2022,34.33,36,5.5,19.8,28.83
20-05-2022,34,33.33,5.83,18.7,19.96
21-05-2022,35,21,5.44,18.83,23
22-05-2022,30.66,41.7,5.37,16.96,12.23
23-05-2022,29.33,46,5.44,14.97,12.23
24-05-2022,30,46,5.3,14.33,12.25
25-05-2022,32,35,5.54,17,22.25
26-05-2022,31.7,33.33,6.43,22.05,39.33
27-05-2022,31.33,46,5.37,20.23,28.33
28-05-2022,31,47,5.4,20.4,25
29-05-2022,34.66,38,5.39,19.6,24.33
30-05-2022,34.33,38.77,5.07,19.6,21.66
31-05-2022,33.33,39.7,4.42,18.43,26.63
1/4/2022,26.7,30,11.6,25.6,36.8
2/4/2022,27,31.6,14.8,22.47,26.88
3/4/2022,27.33,29.66,10.94,20.33,25.44
4/4/2022,27.33,28.66,11.3,23.75,33.24
5/4/2022,27,29.66,10.9,23.03,28.6
6/4/2022,27.33,28,11.54,23.8,27.43
7/4/2022,28,28,12.83,23.27,28.55
8/4/2022,27.6,30,10.4,20.6,32.7
9/4/2022,27,29,9.1,20.21,31.4
10/4/2022,28.33,26.7,11.88,24.16,31.5
11/4/2022,28.33,27,9.923,22.87,30.32
12/4/2022,27.33,41.33,9.78,22.97,33.67
13-04-2022,27.66,44.33,9.78,22.9,28.7
14-04-2022,28,37,9.71,21.38,18.61
15-04-2022,27.66,31.33,9.04,20.53,17.31
16-04-2022,28,32.5,9.2,20.4,19.3
17-04-2022,29,34.33,9.48,19.7,24.36
18-04-2022,28.33,41,9.2,22.12,31.03
19-04-2022,28.33,48,8.53,21.53,24.6
20-04-2022,28,46.33,8.21,19.81,20.94
21-04-2022,27.33,46,9.7,19.64,13.2
22-04-2022,27,47.66,8.64,18.16,16.78
23-04-2022,27.5,43,7.22,18.64,21.2
24-04-2022,27.66,45.7,6.85,18.8,12.6
25-04-2022,28.66,37.33,6.57,21.55,12.73
26-04-2022,29.66,35,6.57,20.46,17.63
27-04-2022,30.7,34.33,6.04,18.6,16.6
28-04-2022,31.66,37.33,6.53,19.16,27.13
29-04-2022,32.7,35.33,5.7,18.8,15.18
30-04-2022,28,38.6,6.22,19.53,16.4
1/3/2022,16.66,61,11.15,20.96,38.34
2/3/2022,16,74.33,11.95,22.88,54.22
3/3/2022,16.33,82,9.63,21.7,34.53
4/3/2022,16.5,68,10.98,23.8,42.33
5/3/2022,16,76.3,12.6,26.4,73.4
6/3/2022,15.33,83.33,10.07,19.7,32.38
7/3/2022,16.7,36,9.46,16.6,20.95
8/3/2022,17.33,62.66,7.85,15.4,33.7
9/3/2022,18.66,67,4.88,19.82,33.53
10/3/2022,19,66,4.88,25.96,32.13
11/3/2022,19.5,59,7.6,26.4,47.3
12/3/2022,19.7,54,8.57,30.6,58.73
13-03-2022,21,58,7.36,19.78,32.99
14-03-2022,21,36,11.8,18.9,22.9
15-03-2022,22,30,18.6,26.4,30.6
16-03-2022,22,43,19.4,27.3,33.8
17-03-2022,21,37,20.6,30.4,36.87
18-03-2022,22.3,39,17.6,28.3,38.64
19-03-2022,23,41,16.53,26.4,33.5
20-03-2022,23.33,37,15.6,26.82,36.4
21-03-2022,23.5,38,14.7,19.2,34.68
22-03-2022,24,40,14.33,19.6,33.5
23-03-2022,24.5,43,13.1,19.3,33.2
24-03-2022,25.2,49.2,9,20.14,28.27
25-03-2022,25,43.2,12.66,27.33,26.11
26-03-2022,25.3,41.6,12.82,28.4,26.74
27-03-2022,26.66,39.33,14.64,31.79,27.8
28-03-2022,26,37.66,15.73,34.72,50.81
29-03-2022,26.66,37.66,13.48,35.36,63.72
30-03-2022,26.7,39,14.97,36.93,69.69
31-03-2022,27,31.66,11.03,37.73,53.46
1/2/2022,9.7,75.33,8.94,20.12,62.5
2/2/2022,9,77.33,8.36,20.35,61.17
3/2/2022,8.33,82.33,8.86,20.3,24.86
4/2/2022,8.5,63,9.67,20.21,52.43
5/2/2022,8.7,71,10.33,20.86,66.4
6/2/2022,9,75,9.18,20.49,73.4
7/2/2022,9.66,65.66,9.7,19.75,38.83
8/2/2022,9.5,58.6,10.51,19.58,54.58
9/2/2022,9.66,56.66,8.53,18.8,26.76
10/2/2022,10,44.33,9.03,19.73,49.35
11/2/2022,10.5,33,9.6,20.2,51.44
12/2/2022,11.5,42,10.48,20.7,78.84
13-02-2022,12,46,11.7,20.9,70.92
14-02-2022,12.33,51,11.34,21.52,68.57
15-02-2022,13.7,44,11.7,23.4,57.5
16-02-2022,14.33,36.7,11.96,20.91,63.31
17-02-2022,14.8,43,11.51,22.87,57.6
18-02-2022,15.33,49,11.2,23.8,49.4
19-02-2022,15.3,36,10.3,20.3,23.66
20-02-2022,15.5,38,10.42,20.1,226
21-02-2022,15.66,51.66,11.7,20.92,39.99
22-02-2022,14,70,10.61,19.88,54.66
23-02-2022,14.7,86.33,9.57,25.44,45.96
24-02-2022,14.33,85,9.93,18.82,75.11
25-02-2022,14,93,9.52,18.62,36.28
26-02-2022,14.5,90,9.7,18.68,41.16
27-02-2022,15,61.7,9.44,18.1,41.88
28-02-2022,15.33,44.33,11.41,23.19,45.61
1/1/2022,8,69,19.2,21.3,112.45
2/1/2022,8.5,63,23.6,19.45,72.6
3/1/2022,10.7,67,21.35,19.81,80.41
4/1/2022,9.7,90,7.89,18.34,43.31
5/1/2022,9,89.33,7.61,20.37,35.8
6/1/2022,9,91.7,7.72,19.66,57.83
7/1/2022,8,90.1,7.45,18.83,44.67
8/1/2022,8.33,77.4,8.2,18.42,21
9/1/2022,8.6,74.33,9.41,18.7,35.41
10/1/2022,8,55.33,9.23,19.19,51.2
11/1/2022,8.7,47,10.25,18.46,58.75
12/1/2022,8.3,44.33,11.57,20.12,93.65
13-01-2022,8.7,43,11.32,21.31,104.21
14-01-2022,8.5,44,12.22,20.34,108.42
15-01-2022,8.33,73,10.82,19.39,130.3
16-01-2022,8,74.33,11.24,19.19,131.09
17-01-2022,8.8,78,9.25,19.77,145.76
18-01-2022,8.7,80.33,9.14,20.22,120.06
19-01-2022,8,83,8.09,19.78,81.17
20-01-2022,8.7,87,8.82,19.72,108.06
21-01-2022,8.3,90,8.41,19.61,60.8
22-01-2022,8,93,8.03,18.7,20.9
23-01-2022,7.7,89.33,8.5,19.31,25.12
24-01-2022,7,87.33,7.99,18.58,39.13
25-01-2022,7.33,82.66,8.26,17.91,46.59
26-01-2022,7.7,72.33,8.18,18.31,53.44
27-01-2022,8.33,60.33,7.96,18.39,65.31
28-01-2022,8,45,8.66,18.81,80.34
29-01-2022,8.5,52.9,9.42,19.04,125.73
30-01-2022,8.7,55.7,9.69,19.3,90.96
31-01-2022,9,63.7,10.4,20.17,102.7
1/12/2021,15,31.4,29.3,40.2,100.6
2/12/2021,14.5,43.6,32.2,41.3,94.3
3/12/2021,11.43,65.03,49.9,55.94,133.97
4/12/2021,14,72,13.6,23.5,68.3
5/12/2021,13.33,80,13.64,22.46,53.2
6/12/2021,14,48.7,17.72,20.47,56.05
7/12/2021,13.33,51.66,20.04,20.79,69.7
8/12/2021,13.7,56,27.03,21.73,93.38
9/12/2021,13.5,50.33,28.35,22.39,100.34
10/12/2021,13,47.3,26.4,23.4,80.95
11/12/2021,12,43.5,25.8,21.5,85.7
12/12/2021,11.66,42,27.74,22.49,120.5
13-12-2021,11,49.66,25.51,21.92,96.06
14-12-2021,10,57.7,19.88,22.21,91.18
15-12-2021,9.7,46.66,23.97,22.39,129.58
16-12-2021,9,52.66,13.82,20.19,73.88
17-12-2021,9.5,64,14.6,21.3,73.4
18-12-2021,9.33,60,22.97,22.14,111.9
19-12-2021,9.5,56.3,27.8,23.5,149.4
20-12-2021,9.33,59,27.97,20.64,156.2
21-12-2021,11.33,52.66,43.44,19.88,198.96
22-12-2021,11,54,39.98,21.25,182.1
23-12-2021,10.66,57.66,39.43,21.78,156.53
24-12-2021,10,54.6,29.78,22.28,119.9
25-12-2021,9.5,63,29.14,22.31,142.8
26-12-2021,9.33,74.7,25.02,22.55,107.37
27-12-2021,8.33,79,17.55,22.64,57.11
28-12-2021,9.2,61,24.03,21.69,84.79
29-12-2021,9,63,20.9,19.99,87.6
30-12-2021,8.5,58,22.9,21.74,86.2
31-12-2021,8.3,53,22.4,20.5,85.9
1/11/2021,20,50,5.6,18.33,31.82
2/11/2021,19.33,49.66,9.923,17.62,47.9
3/11/2021,19.5,50,15.67,19.86,78.37
4/11/2021,18.33,56,13.56,18.83,60.92
5/11/2021,18,75,15.4,19.66,62.68
6/11/2021,18,53,16.3,19.7,64.45
7/11/2021,17.5,42,15.67,19.66,58.52
8/11/2021,17.5,39,14.6,21.4,55.69
9/11/2021,17,37,8.7,19.3,36.98
10/11/2021,16.8,30,8.31,20,38.8
11/11/2021,16.5,33,9.66,20.32,44.6
12/11/2021,16,31,9.21,19.67,39.6
13-11-2021,16,28,10.68,20.4,48.6
14-11-2021,16,27,12.4,23.6,51.92
15-11-2021,15.8,31,9.42,19.88,38.8
16-11-2021,15.5,35,10.9,20.57,47.8
17-11-2021,15.3,29,12.8,21,56.7
18-11-2021,15.33,32,12.4,20.59,51.78
19-11-2021,15,33,14.77,21.38,58.6
20-11-2021,15.3,30,15.73,22.3,61.3
21-11-2021,14.8,43,13.8,23.54,59.8
22-11-2021,14.8,58,13.46,22.6,54.9
23-11-2021,15,49,12.5,21.6,47.6
24-11-2021,15.5,46,13.33,23.4,53.6
25-11-2021,16,44,14.6,24.5,62.87
26-11-2021,16.3,45,15.33,25.6,65.9
27-11-2021,16.5,47.6,18.4,27.6,68.2
28-11-2021,16.17,48.86,28.97,22.8,49.45
29-11-2021,15,50.3,19.4,21.6,48.66
30-11-2021,14.6,51.2,19.6,23.14,51.84
1/10/2021,28,76,16.3,17.3,28.3
2/10/2021,28,83,15.22,15.2,24.6
3/10/2021,27.5,70,10.6,11.8,12.5
4/10/2021,27,59,13.54,16.31,23.76
5/10/2021,26,66,7.22,12.1,12.3
6/10/2021,26,52,7.94,13.21,17.6
7/10/2021,25,79,11.3,15.23,23.66
8/10/2021,25,55,10.3,15.94,24.87
9/10/2021,24.5,70,13.71,18.3,30.6
10/10/2021,24,83,10.6,9.7,19.6
11/10/2021,24.8,59,6.21,8.99,10.3
12/10/2021,25,34,7.1,13.6,15.34
13-10-2021,25,50,8.22,14.1,22
14-10-2021,25.6,39,9.64,14.53,27.3
15-10-2021,26,31,7.88,13.87,19.84
16-10-2021,25.8,57,6.73,13.24,17.6
17-10-2021,25,83,6.4,13.7,18.2
18-10-2021,24,41,7.12,7.6,13.4
19-10-2021,24,47,6.82,12.77,15.87
20-10-2021,23.5,44,7.88,12.6,20.8
21-10-2021,23,34,9.42,15.4,32.78
22-10-2021,23,69,11.3,13.88,27
23-10-2021,22.8,72,7.2,11.3,19.66
24-10-2021,22.5,85,6.83,7.68,12.86
25-10-2021,22.3,64,7.33,9.6,18.65
26-10-2021,22,57,7.46,11.2,21.6
27-10-2021,21.8,53,7.62,11.73,23.4
28-10-2021,21.5,50,8.6,12.13,24.11
29-10-2021,21,35,8.22,10.64,22.5
30-10-2021,20.5,43,8.56,11.6,27.2
31-10-2021,20,48,8.15,9.68,22.3
1/9/2021,25,70,7.1,13.68,18
2/9/2021,26,60,8.2,134,17
3/9/2021,27,44,9.3,13.77,19.3
4/9/2021,28,45,10.9,14.6,25
5/9/2021,28,48,12.34,14.93,28.3
6/9/2021,27,58,13.48,17.8,33.7
7/9/2021,26.5,80,13.87,19.3,37.4
8/9/2021,26,84.7,9.97,11.21,21.06
9/9/2021,27,83,7.9,13.2,14.8
10/9/2021,26.5,85,9.6,10.8,7.43
11/9/2021,27.3,71,7.82,9.2,5.6
12/9/2021,27.8,70,8.31,12.8,16.9
13-09-2021,27,86,8.68,11.8,15.88
14-09-2021,27.8,60,9.2,14.3,19.8
15-09-2021,28,44,7.6,13.77,15.4
16-09-2021,28.33,47.66,10.92,19.67,31.58
17-09-2021,28,78,9.6,19.42,30.8
18-09-2021,28.3,73,10.43,25.4,37.83
19-09-2021,28,68,10.1,22.7,34.8
20-09-2021,27,73,11.6,21.3,30.1
21-09-2021,27,79,9.7,12.8,21.3
22-09-2021,26.8,86,9.55,13.8,20.2
23-09-2021,27.7,76.33,6.24,11.1,12.96
24-09-2021,27,62,6.8,13.4,16.9
25-09-2021,27.8,63,7.6,13.72,17.5
26-09-2021,27.33,59.33,6.93,10.66,20.2
27-09-2021,28,62,9.7,23.46,34.8
28-09-2021,28.33,53.66,8.8,17.73,32.36
29-09-2021,29,57,12.6,17.5,33.41
30-09-2021,29.5,52,57,12.6,17.5
30-09-2021,33.41,72,14.6,23.9,42.91
1/8/2021,26,66,7.1,12.4,17
2/8/2021,27,56,8.2,13.2,17.6
3/8/2021,27,78,9.6,17.6,34.6
4/8/2021,26.7,72.7,6.1,12,17.5
5/8/2021,26.5,70,8.3,15.3,25.2
6/8/2021,26,61,6.4,11.88,16.3
7/8/2021,27,35,10.1,19.1,37.2
8/8/2021,26.5,83,6.5,15.7,26.4
9/8/2021,27,70,7.4,16.3,28.7
10/8/2021,27,78,8.67,17.73,33.2
11/8/2021,28,70,9.1,18.9,33.8
12/8/2021,28,79,7.71,18.4,31.9
13-08-2021,27,56,5.4,11.2,17.9
14-08-2021,27,50,4.33,9.66,15.2
15-08-2021,26,78,4.24,9.1,12.3
16-08-2021,26,49,6.1,10.3,15
17-08-2021,25,58,8.6,13.4,33.8
18-08-2021,25,47,10.52,14.6,34.6
19-08-2021,26,68,8.9,13.2,31.5
20-08-2021,27,49,7.2,12.4,16
21-08-2021,28,54,6.1,11.7,15.2
22-08-2021,28,63.33,6.26,9.03,12.3
23-08-2021,28.6,83,8.3,11.3,16.4
24-08-2021,28,66,9.77,13.7,20.2
25-08-2021,29,73,12.4,17.6,36.2
26-08-2021,30,58,12.73,17.9,37.9
27-08-2021,29,59,11.6,19.1,39.6
28-08-2021,28,48,4.6,8.65,12.6
29-08-2021,26.7,83.33,8.17,10.03,19.54
30-08-2021,25.7,85,5.88,9.3,13.6
31-08-2021,26,63,9.6,13.4,19
